{
	"credit": "Made with Blockbench",
	"parent": "sugarcane",
	"textures": {
		"0": "block/sugar_cane",
		"particle": "block/sugar_cane"
	},
	"elements": [
		{
			"from": [1, 0, 1],
			"to": [3, 16, 3],
			"faces": {
				"north": {"uv": [13, 0, 15, 16], "texture": "#0"},
				"east": {"uv": [13, 0, 15, 16], "texture": "#0"},
				"south": {"uv": [1, 0, 3, 16], "texture": "#0"},
				"west": {"uv": [1, 0, 3, 16], "texture": "#0"},
				"up": {"uv": [1, 1, 3, 3], "texture": "#0"},
				"down": {"uv": [1, 13, 3, 15], "texture": "#0"}
			}
		},
		{
			"from": [1, 0, 13],
			"to": [3, 16, 15],
			"faces": {
				"north": {"uv": [13, 0, 15, 16], "texture": "#0"},
				"east": {"uv": [1, 0, 3, 16], "texture": "#0"},
				"south": {"uv": [1, 0, 3, 16], "texture": "#0"},
				"west": {"uv": [13, 0, 15, 16], "texture": "#0"},
				"up": {"uv": [1, 13, 3, 15], "texture": "#0"},
				"down": {"uv": [1, 1, 3, 3], "texture": "#0"}
			}
		},
		{
			"from": [13, 0, 13],
			"to": [15, 16, 15],
			"faces": {
				"north": {"uv": [1, 0, 3, 16], "texture": "#0"},
				"east": {"uv": [1, 0, 3, 16], "texture": "#0"},
				"south": {"uv": [13, 0, 15, 16], "texture": "#0"},
				"west": {"uv": [13, 0, 15, 16], "texture": "#0"},
				"up": {"uv": [13, 13, 15, 15], "texture": "#0"},
				"down": {"uv": [13, 1, 15, 3], "texture": "#0"}
			}
		},
		{
			"from": [13, 0, 1],
			"to": [15, 16, 3],
			"faces": {
				"north": {"uv": [1, 0, 3, 16], "texture": "#0"},
				"east": {"uv": [13, 0, 15, 16], "texture": "#0"},
				"south": {"uv": [13, 0, 15, 16], "texture": "#0"},
				"west": {"uv": [1, 0, 3, 16], "texture": "#0"},
				"up": {"uv": [13, 1, 15, 3], "texture": "#0"},
				"down": {"uv": [13, 13, 15, 15], "texture": "#0"}
			}
		},
		{
			"from": [9, 0, 5],
			"to": [11, 16, 7],
			"faces": {
				"north": {"uv": [5, 0, 7, 16], "texture": "#0"},
				"east": {"uv": [9, 0, 11, 16], "texture": "#0"},
				"south": {"uv": [9, 0, 11, 16], "texture": "#0"},
				"west": {"uv": [5, 0, 7, 16], "texture": "#0"},
				"up": {"uv": [9, 5, 11, 7], "texture": "#0"},
				"down": {"uv": [9, 9, 11, 11], "texture": "#0"}
			}
		},
		{
			"from": [5, 0, 5],
			"to": [7, 16, 7],
			"faces": {
				"north": {"uv": [9, 0, 11, 16], "texture": "#0"},
				"east": {"uv": [9, 0, 11, 16], "texture": "#0"},
				"south": {"uv": [5, 0, 7, 16], "texture": "#0"},
				"west": {"uv": [5, 0, 7, 16], "texture": "#0"},
				"up": {"uv": [5, 5, 7, 7], "texture": "#0"},
				"down": {"uv": [5, 9, 7, 11], "texture": "#0"}
			}
		},
		{
			"from": [5, 0, 9],
			"to": [7, 16, 11],
			"faces": {
				"north": {"uv": [9, 0, 11, 16], "texture": "#0"},
				"east": {"uv": [5, 0, 7, 16], "texture": "#0"},
				"south": {"uv": [5, 0, 7, 16], "texture": "#0"},
				"west": {"uv": [9, 0, 11, 16], "texture": "#0"},
				"up": {"uv": [5, 9, 7, 11], "texture": "#0"},
				"down": {"uv": [5, 5, 7, 7], "texture": "#0"}
			}
		},
		{
			"from": [9, 0, 9],
			"to": [11, 16, 11],
			"faces": {
				"north": {"uv": [5, 0, 7, 16], "texture": "#0"},
				"east": {"uv": [5, 0, 7, 16], "texture": "#0"},
				"south": {"uv": [9, 0, 11, 16], "texture": "#0"},
				"west": {"uv": [9, 0, 11, 16], "texture": "#0"},
				"up": {"uv": [9, 9, 11, 11], "texture": "#0"},
				"down": {"uv": [9, 5, 11, 7], "texture": "#0"}
			}
		},
		{
			"from": [0, 0, 0],
			"to": [0, 16, 22.62742],
			"rotation": {"angle": 45, "axis": "y", "origin": [0, 0, 0]},
			"faces": {
				"north": {"uv": [0, 0, 0, 16], "texture": "#missing"},
				"east": {"uv": [0, 0, 16, 16], "texture": "#0"},
				"south": {"uv": [0, 0, 0, 16], "texture": "#missing"},
				"west": {"uv": [0, 0, 16, 16], "texture": "#0"},
				"up": {"uv": [0, 0, 0, 16], "texture": "#missing"},
				"down": {"uv": [0, 0, 0, 16], "texture": "#missing"}
			}
		},
		{
			"from": [16, 0, 0],
			"to": [16, 16, 22.62742],
			"rotation": {"angle": -45, "axis": "y", "origin": [16, 0, 0]},
			"faces": {
				"north": {"uv": [0, 0, 0, 16], "texture": "#missing"},
				"east": {"uv": [0, 0, 16, 16], "texture": "#0"},
				"south": {"uv": [0, 0, 0, 16], "texture": "#missing"},
				"west": {"uv": [0, 0, 16, 16], "texture": "#0"},
				"up": {"uv": [0, 0, 0, 16], "texture": "#missing"},
				"down": {"uv": [0, 0, 0, 16], "texture": "#missing"}
			}
		}
	]
}