{
	"credit": "Made with Blockbench",
	"textures": {
		"0": "item/pet/red_panda_pet"
	},
	"elements": [
		{
			"from": [4, 14, -2],
			"to": [12, 21, 6],
			"rotation": {"angle": 0, "axis": "y", "origin": [4, 14, -2]},
			"faces": {
				"north": {"uv": [2, 7, 4, 10.5], "texture": "#0"},
				"east": {"uv": [2, 11, 0, 14.5], "texture": "#0"},
				"south": {"uv": [2, 10.5, 4, 14], "texture": "#0"},
				"west": {"uv": [0, 11, 2, 14.5], "texture": "#0"},
				"up": {"uv": [0, 7, 2, 11], "texture": "#0"},
				"down": {"uv": [0.75, 3, 2.75, 7], "texture": "#0"}
			}
		},
		{
			"from": [6, 13.5, -3],
			"to": [10, 14.5, -1],
			"rotation": {"angle": -22.5, "axis": "x", "origin": [6, 13, -3]},
			"faces": {
				"north": {"uv": [1.5, 15.5, 2.5, 16], "texture": "#0"},
				"east": {"uv": [2.5, 14.5, 2, 15], "texture": "#0"},
				"south": {"uv": [3.5, 15.5, 4.5, 16], "texture": "#0"},
				"west": {"uv": [2, 14.5, 2.5, 15], "texture": "#0"},
				"up": {"uv": [3.5, 14.5, 4.5, 15.5], "texture": "#0"},
				"down": {"uv": [2.5, 14.5, 3.5, 15.5], "texture": "#0"}
			}
		},
		{
			"from": [6, 15, -3.5],
			"to": [10, 16, -1.5],
			"rotation": {"angle": 0, "axis": "x", "origin": [6, 15, -4]},
			"faces": {
				"north": {"uv": [2.5, 15.5, 3.5, 16], "texture": "#0"},
				"east": {"uv": [2.5, 15, 2, 15.5], "texture": "#0"},
				"south": {"uv": [3.5, 15.5, 4.5, 16], "texture": "#0"},
				"west": {"uv": [2, 15, 2.5, 15.5], "texture": "#0"},
				"up": {"uv": [0, 14.5, 1, 15.5], "texture": "#0"},
				"down": {"uv": [1, 14.5, 2, 15.5], "texture": "#0"}
			}
		},
		{
			"from": [5, 18.5, -2.01],
			"to": [11, 19.5, -2.01],
			"rotation": {"angle": 0, "axis": "y", "origin": [5, 19, -2]},
			"faces": {
				"north": {"uv": [0, 15.5, 1.5, 16], "texture": "#0"},
				"east": {"uv": [0, 0, 0, 1], "texture": "#0"},
				"south": {"uv": [0, 0, 0, 0], "texture": "#0"},
				"west": {"uv": [0, 0, 0, 1], "texture": "#0"},
				"up": {"uv": [0, 0, 3, 0], "texture": "#0"},
				"down": {"uv": [0, 0, 3, 0], "texture": "#0"}
			}
		},
		{
			"from": [9, 21, 1],
			"to": [13, 25, 3],
			"rotation": {"angle": -22.5, "axis": "z", "origin": [9, 21, 1]},
			"faces": {
				"north": {"uv": [2.75, 3, 3.75, 5], "texture": "#0"},
				"east": {"uv": [3.75, 1, 4.25, 3], "texture": "#0"},
				"south": {"uv": [2.75, 5, 3.75, 7], "texture": "#0"},
				"west": {"uv": [3.25, 1, 3.75, 3], "texture": "#0"},
				"up": {"uv": [4.25, 0, 5.25, 1], "texture": "#0"},
				"down": {"uv": [3.25, 0, 4.25, 1], "texture": "#0"}
			}
		},
		{
			"from": [3, 21, 1],
			"to": [7, 25, 3],
			"rotation": {"angle": 22.5, "axis": "z", "origin": [7, 21, 1]},
			"faces": {
				"north": {"uv": [3.75, 3, 2.75, 5], "texture": "#0"},
				"east": {"uv": [3.75, 1, 3.25, 3], "texture": "#0"},
				"south": {"uv": [3.75, 5, 2.75, 7], "texture": "#0"},
				"west": {"uv": [4.25, 1, 3.75, 3], "texture": "#0"},
				"up": {"uv": [5.25, 0, 4.25, 1], "texture": "#0"},
				"down": {"uv": [4.25, 0, 3.25, 1], "texture": "#0"}
			}
		},
		{
			"from": [11, 14, 1],
			"to": [14, 17, 1],
			"rotation": {"angle": -45, "axis": "y", "origin": [14, 14, 1]},
			"faces": {
				"north": {"uv": [8.25, 12, 7.5, 13.5], "texture": "#0"},
				"east": {"uv": [0, 0, 0, 3], "texture": "#0"},
				"south": {"uv": [1, 0, 0.25, 1.5], "texture": "#0"},
				"west": {"uv": [0, 0, 0, 3], "texture": "#0"},
				"up": {"uv": [1.5, 0, 0, 0], "texture": "#0"},
				"down": {"uv": [1.5, 0, 0, 0], "texture": "#0"}
			}
		},
		{
			"from": [2, 14, 1],
			"to": [5, 17, 1],
			"rotation": {"angle": 45, "axis": "y", "origin": [2, 14, 1]},
			"faces": {
				"north": {"uv": [7.5, 12, 8.25, 13.5], "texture": "#0"},
				"east": {"uv": [0, 0, 0, 3], "texture": "#0"},
				"south": {"uv": [0.25, 0, 1, 1.5], "texture": "#0"},
				"west": {"uv": [0, 0, 0, 3], "texture": "#0"},
				"up": {"uv": [0, 0, 1.5, 0], "texture": "#0"},
				"down": {"uv": [0, 0, 1.5, 0], "texture": "#0"}
			}
		},
		{
			"from": [8.5, 0, 8],
			"to": [11.5, 2, 12],
			"rotation": {"angle": 0, "axis": "y", "origin": [4, 0, 9]},
			"faces": {
				"north": {"uv": [0, 3, 0.75, 4], "texture": "#0"},
				"east": {"uv": [1, 2, 0, 3], "texture": "#0"},
				"south": {"uv": [0, 6, 0.75, 7], "texture": "#0"},
				"west": {"uv": [0, 2, 1, 3], "texture": "#0"},
				"up": {"uv": [0.75, 2, 0, 0], "texture": "#0"},
				"down": {"uv": [0.75, 4, 0, 6], "texture": "#0"}
			}
		},
		{
			"from": [8.5, 2, 9],
			"to": [11.5, 8, 12],
			"rotation": {"angle": 0, "axis": "y", "origin": [5, 2, 9]},
			"faces": {
				"north": {"uv": [1, 0, 1.75, 3], "texture": "#0"},
				"east": {"uv": [2.5, 0, 1.75, 3], "texture": "#0"},
				"south": {"uv": [2.5, 0, 3.25, 3], "texture": "#0"},
				"west": {"uv": [1.75, 0, 2.5, 3], "texture": "#0"},
				"up": {"uv": [0, 0, 0.75, 1.5], "texture": "#0"},
				"down": {"uv": [0, 0, 0.75, 1.5], "texture": "#0"}
			}
		},
		{
			"from": [4.5, 0, 8],
			"to": [7.5, 2, 12],
			"rotation": {"angle": 0, "axis": "y", "origin": [4, 0, 9]},
			"faces": {
				"north": {"uv": [0, 3, 0.75, 4], "texture": "#0"},
				"east": {"uv": [1, 2, 0, 3], "texture": "#0"},
				"south": {"uv": [0, 6, 0.75, 7], "texture": "#0"},
				"west": {"uv": [0, 2, 1, 3], "texture": "#0"},
				"up": {"uv": [0.75, 2, 0, 0], "texture": "#0"},
				"down": {"uv": [0.75, 4, 0, 6], "texture": "#0"}
			}
		},
		{
			"from": [4.5, 2, 9],
			"to": [7.5, 8, 12],
			"rotation": {"angle": 0, "axis": "y", "origin": [5, 2, 9]},
			"faces": {
				"north": {"uv": [1, 0, 1.75, 3], "texture": "#0"},
				"east": {"uv": [2.5, 0, 1.75, 3], "texture": "#0"},
				"south": {"uv": [2.5, 0, 3.25, 3], "texture": "#0"},
				"west": {"uv": [1.75, 0, 2.5, 3], "texture": "#0"},
				"up": {"uv": [0, 0, 0.75, 1.5], "texture": "#0"},
				"down": {"uv": [0, 0, 0.75, 1.5], "texture": "#0"}
			}
		},
		{
			"from": [8.5, 5, 4],
			"to": [11.5, 7, 8],
			"rotation": {"angle": 0, "axis": "y", "origin": [4, 6, 5]},
			"faces": {
				"north": {"uv": [0, 3, 0.75, 4], "texture": "#0"},
				"east": {"uv": [1, 2, 0, 3], "texture": "#0"},
				"south": {"uv": [0, 6, 0.75, 7], "texture": "#0"},
				"west": {"uv": [0, 2, 1, 3], "texture": "#0"},
				"up": {"uv": [0.75, 2, 0, 0], "texture": "#0"},
				"down": {"uv": [0.75, 4, 0, 6], "texture": "#0"}
			}
		},
		{
			"from": [8.5, 7, 5],
			"to": [11.5, 13, 8],
			"rotation": {"angle": 0, "axis": "y", "origin": [5, 8, 5]},
			"faces": {
				"north": {"uv": [1, 0, 1.75, 3], "texture": "#0"},
				"east": {"uv": [2.5, 0, 1.75, 3], "texture": "#0"},
				"south": {"uv": [2.5, 0, 3.25, 3], "texture": "#0"},
				"west": {"uv": [1.75, 0, 2.5, 3], "texture": "#0"},
				"up": {"uv": [0, 0, 0.75, 1.5], "texture": "#0"},
				"down": {"uv": [0, 0, 0.75, 1.5], "texture": "#0"}
			}
		},
		{
			"from": [4.5, 5, 4],
			"to": [7.5, 7, 8],
			"rotation": {"angle": 0, "axis": "y", "origin": [4, 6, 5]},
			"faces": {
				"north": {"uv": [0, 3, 0.75, 4], "texture": "#0"},
				"east": {"uv": [1, 2, 0, 3], "texture": "#0"},
				"south": {"uv": [0, 6, 0.75, 7], "texture": "#0"},
				"west": {"uv": [0, 2, 1, 3], "texture": "#0"},
				"up": {"uv": [0.75, 2, 0, 0], "texture": "#0"},
				"down": {"uv": [0.75, 4, 0, 6], "texture": "#0"}
			}
		},
		{
			"from": [4.5, 7, 5],
			"to": [7.5, 13, 8],
			"rotation": {"angle": 0, "axis": "y", "origin": [5, 8, 5]},
			"faces": {
				"north": {"uv": [1, 0, 1.75, 3], "texture": "#0"},
				"east": {"uv": [2.5, 0, 1.75, 3], "texture": "#0"},
				"south": {"uv": [2.5, 0, 3.25, 3], "texture": "#0"},
				"west": {"uv": [1.75, 0, 2.5, 3], "texture": "#0"},
				"up": {"uv": [0, 0, 0.75, 1.5], "texture": "#0"},
				"down": {"uv": [0, 0, 0.75, 1.5], "texture": "#0"}
			}
		},
		{
			"from": [5, 14, 2],
			"to": [11, 20, 16],
			"rotation": {"angle": 45, "axis": "x", "origin": [5, 15, 2]},
			"faces": {
				"north": {"uv": [4.5, 13, 6, 16], "texture": "#0"},
				"east": {"uv": [7.25, 3, 3.75, 6], "texture": "#0"},
				"south": {"uv": [6, 13, 7.5, 16], "texture": "#0"},
				"west": {"uv": [3.75, 3, 7.25, 6], "texture": "#0"},
				"up": {"uv": [5.5, 6, 7, 13], "texture": "#0"},
				"down": {"uv": [4, 6, 5.5, 13], "texture": "#0"}
			}
		},
		{
			"from": [3.5, 6, 7.75],
			"to": [12.5, 10, 11.75],
			"rotation": {"angle": 22.5, "axis": "x", "origin": [3, 5, 7]},
			"faces": {
				"north": {"uv": [7.25, 5, 9.75, 7.5], "texture": "#0"},
				"east": {"uv": [6.5, 0, 5.25, 2.5], "texture": "#0"},
				"south": {"uv": [7.25, 2.5, 9.75, 5], "texture": "#0"},
				"west": {"uv": [5.25, 0, 6.5, 2.5], "texture": "#0"},
				"up": {"uv": [6.5, 0, 9, 2.5], "texture": "#0"},
				"down": {"uv": [9, 0, 11.5, 2.5], "texture": "#0"}
			}
		},
		{
			"from": [4.5, 14, 8],
			"to": [11.5, 16, 13],
			"rotation": {"angle": 45, "axis": "x", "origin": [4, 14, 8]},
			"faces": {
				"north": {"uv": [7, 10, 8.75, 11], "texture": "#0"},
				"east": {"uv": [8.25, 11, 7, 12], "texture": "#0"},
				"south": {"uv": [7, 10, 8.75, 11], "texture": "#0"},
				"west": {"uv": [7, 11, 8.25, 12], "texture": "#0"},
				"up": {"uv": [7, 7.5, 8.75, 10], "texture": "#0"},
				"down": {"uv": [7, 7.5, 8.75, 10], "texture": "#0"}
			}
		},
		{
			"from": [5.5, 5, 13],
			"to": [10.5, 10, 24],
			"rotation": {"angle": 22.5, "axis": "x", "origin": [5, 5, 12]},
			"faces": {
				"north": {"uv": [10, 11, 11.25, 13.5], "texture": "#0"},
				"east": {"uv": [10.25, 13.5, 7.5, 16], "texture": "#0"},
				"south": {"uv": [10.25, 13.5, 11.5, 16], "texture": "#0"},
				"west": {"uv": [7.5, 13.5, 10.25, 16], "texture": "#0"},
				"up": {"uv": [9.75, 2.5, 11, 8], "texture": "#0"},
				"down": {"uv": [8.75, 8, 10, 13.5], "texture": "#0"}
			}
		},
		{
			"from": [10.5, 4.8, 23.9],
			"to": [5.5, -0.2, 21.9],
			"rotation": {"angle": 22.5, "axis": "x", "origin": [12, 2, 25]},
			"faces": {
				"north": {"uv": [10.25, 13.5, 11.5, 16], "texture": "#0"},
				"east": {"uv": [9.75, 16, 10.25, 13.5], "texture": "#0"},
				"south": {"uv": [10, 8.5, 11.25, 11], "texture": "#0"},
				"west": {"uv": [10.25, 16, 9.75, 13.5], "texture": "#0"},
				"up": {"uv": [8.75, 8, 10, 9], "texture": "#0"},
				"down": {"uv": [9.75, 7, 11, 8], "texture": "#0"}
			}
		}
	],
	"display": {
		"thirdperson_righthand": {
			"rotation": [66, 0, 0],
			"translation": [0, -1.25, -1.25],
			"scale": [0.4, 0.4, 0.4]
		},
		"thirdperson_lefthand": {
			"rotation": [66, 0, 0],
			"translation": [0, -1.25, -1.25],
			"scale": [0.4, 0.4, 0.4]
		},
		"firstperson_righthand": {
			"scale": [0.4, 0.4, 0.4]
		},
		"firstperson_lefthand": {
			"scale": [0.4, 0.4, 0.4]
		},
		"ground": {
			"scale": [0.4, 0.4, 0.4]
		},
		"gui": {
			"rotation": [0, 140, 0],
			"translation": [-1, -3, 0],
			"scale": [0.7, 0.7, 0.7]
		},
		"head": {
			"translation": [0, 9, -0.25]
		},
		"fixed": {
			"rotation": [0, -90, 0],
			"translation": [1, -2, 1],
			"scale": [0, 0.6, 0.6]
		}
	},
	"groups": [
		{
			"name": "red_panda_pet",
			"origin": [8, 8, 8],
			"color": 0,
			"children": [
				{
					"name": "head",
					"origin": [8, 8, 8],
					"color": 0,
					"children": [0, 1, 2, 3, 4, 5, 6, 7]
				},
				{
					"name": "legs",
					"origin": [8, 8, 8],
					"color": 0,
					"children": [
						{
							"name": "leg_br",
							"origin": [4, 0, 9],
							"color": 0,
							"children": [8, 9]
						},
						{
							"name": "leg_bl",
							"origin": [4, 0, 9],
							"color": 0,
							"children": [10, 11]
						},
						{
							"name": "leg_fr",
							"origin": [4, 0, 9],
							"color": 0,
							"children": [12, 13]
						},
						{
							"name": "leg_fl",
							"origin": [8, 8, 8],
							"color": 0,
							"children": [14, 15]
						}
					]
				},
				{
					"name": "body",
					"origin": [8, 8, 8],
					"color": 0,
					"children": [16, 17, 18]
				},
				{
					"name": "tail",
					"origin": [8, 8, 8],
					"color": 0,
					"children": [19, 20]
				}
			]
		}
	]
}