{
	"credit": "Made with Blockbench",
	"texture_size": [64, 32],
	"textures": {
		"0": "item/pet/red_panda_pet",
		"particle": "item/pet/red_panda_pet"
	},
	"elements": [
		{
			"from": [8, -0.5, 0],
			"to": [11, 0.5, 3],
			"rotation": {"angle": -45, "axis": "y", "origin": [8, 0, 0]},
			"faces": {
				"north": {"uv": [5.75, 2.5, 6.5, 3], "texture": "#0"},
				"east": {"uv": [4.25, 2.5, 5, 3], "texture": "#0"},
				"south": {"uv": [6.5, 2.5, 7.25, 3], "texture": "#0"},
				"west": {"uv": [5, 2.5, 5.75, 3], "texture": "#0"},
				"up": {"uv": [4.5, 1, 5.25, 2.5], "texture": "#0"},
				"down": {"uv": [4.5, 1, 5.25, 2.5], "rotation": 270, "texture": "#0"}
			}
		},
		{
			"from": [0.5, 0, 1],
			"to": [15.5, 0, 10],
			"rotation": {"angle": 0, "axis": "y", "origin": [0, 0, 1]},
			"faces": {
				"north": {"uv": [0, 0, 3.75, 0], "texture": "#0"},
				"east": {"uv": [0, 0, 3.75, 0], "texture": "#0"},
				"south": {"uv": [0, 0, 3.75, 0], "texture": "#0"},
				"west": {"uv": [0, 0, 3.75, 0], "texture": "#0"},
				"up": {"uv": [11.5, 0, 15.25, 4.5], "texture": "#0"},
				"down": {"uv": [11.5, 0, 15.25, 4.5], "texture": "#0"}
			}
		}
	]
}