{
	"credit": "Made with Blockbench",
	"texture_size": [64, 32],
	"textures": {
		"0": "item/pet/red_panda_pet",
		"particle": "item/pet/red_panda_pet"
	},
	"elements": [
		{
			"from": [8, -0.5, 0],
			"to": [9.5, 0.5, 1.5],
			"rotation": {"angle": -45, "axis": "y", "origin": [8, 0, 0]},
			"faces": {
				"north": {"uv": [5.75, 2.5, 6.5, 3], "texture": "#0"},
				"east": {"uv": [4.25, 2.5, 5, 3], "texture": "#0"},
				"south": {"uv": [6.5, 2.5, 7.25, 3], "texture": "#0"},
				"west": {"uv": [5, 2.5, 5.75, 3], "texture": "#0"},
				"up": {"uv": [4.5, 1, 5.25, 2.5], "texture": "#0"},
				"down": {"uv": [4.5, 1, 5.25, 2.5], "rotation": 270, "texture": "#0"}
			}
		},
		{
			"from": [4.25, 0, 0.5],
			"to": [11.75, 0, 5],
			"rotation": {"angle": 0, "axis": "y", "origin": [4, 0, 1]},
			"faces": {
				"north": {"uv": [0, 0, 3.75, 0], "texture": "#0"},
				"east": {"uv": [0, 0, 3.75, 0], "texture": "#0"},
				"south": {"uv": [0, 0, 3.75, 0], "texture": "#0"},
				"west": {"uv": [0, 0, 3.75, 0], "texture": "#0"},
				"up": {"uv": [11.5, 0, 15.25, 4.5], "texture": "#0"},
				"down": {"uv": [11.5, 4.5, 15.25, 0], "texture": "#0"}
			}
		}
	],
	"display": {
		"thirdperson_righthand": {
			"rotation": [0, 180, 0],
			"translation": [0, 6.25, -7.5]
		},
		"thirdperson_lefthand": {
			"rotation": [0, 180, 0],
			"translation": [0, 6.25, -7.5]
		},
		"firstperson_righthand": {
			"rotation": [90, 180, 0],
			"translation": [5, 2.5, 1]
		},
		"firstperson_lefthand": {
			"rotation": [90, 180, 0],
			"translation": [5, 2.5, 1]
		},
		"ground": {
			"translation": [0.25, 4.5, 5.25]
		},
		"gui": {
			"rotation": [91, 180, 0],
			"translation": [0, 9.75, 0],
			"scale": [2, 2, 2]
		},
		"head": {
			"rotation": [-90, 0, 0],
			"translation": [0, 21, -10],
			"scale": [2, 2, 2]
		},
		"fixed": {
			"rotation": [-90, 0, 0],
			"translation": [0, 11, -15],
			"scale": [2, 2, 2]
		}
	}
}