{
	"credit": "Made with Blockbench",
	"texture_size": [16, 2],
	"textures": {
		"0": "item/whistle",
		"particle": "item/whistle"
	},
	"elements": [
		{
			"from": [7, 4, 6],
			"to": [9, 5, 8],
			"rotation": {"angle": 0, "axis": "y", "origin": [7, 4, 6]},
			"faces": {
				"north": {"uv": [0, 0, 2, 8], "texture": "#0"},
				"east": {"uv": [0, 8, 2, 16], "texture": "#0"},
				"south": {"uv": [0, 0, 0, 0], "texture": "#0"},
				"west": {"uv": [2, 8, 0, 16], "texture": "#0"},
				"up": {"uv": [2, 0, 4, 16], "texture": "#0"},
				"down": {"uv": [4, 0, 6, 16], "texture": "#0"}
			}
		},
		{
			"from": [7, 3, 8],
			"to": [9, 5, 10],
			"rotation": {"angle": 0, "axis": "y", "origin": [7, 3, 8]},
			"faces": {
				"north": {"uv": [6, 0, 8, 16], "texture": "#0"},
				"east": {"uv": [8, 0, 10, 16], "texture": "#0"},
				"south": {"uv": [10, 0, 12, 16], "texture": "#0"},
				"west": {"uv": [10, 0, 8, 16], "texture": "#0"},
				"up": {"uv": [12, 0, 14, 16], "texture": "#0"},
				"down": {"uv": [14, 0, 16, 16], "texture": "#0"}
			}
		}
	],
	"gui_light": "front",
	"display": {
		"thirdperson_righthand": {
			"rotation": [0, 90, 55],
			"translation": [-1.5, 2.25, 2.5],
			"scale": [0.85, 0.85, 0.85]
		},
		"thirdperson_lefthand": {
			"rotation": [0, 90, 55],
			"translation": [-1.5, 2.25, 2.5],
			"scale": [0.85, 0.85, 0.85]
		},
		"firstperson_righthand": {
			"rotation": [-6, 100, -1],
			"translation": [1.88, 5.2, 1.13],
			"scale": [0.68, 0.68, 0.68]
		},
		"firstperson_lefthand": {
			"rotation": [-6, 100, -1],
			"translation": [1.88, 5.2, 1.13],
			"scale": [0.68, 0.68, 0.68]
		},
		"ground": {
			"translation": [0, 2, 0],
			"scale": [0.5, 0.5, 0.5]
		},
		"gui": {
			"rotation": [30, -153, 0],
			"translation": [0, 5.75, 0],
			"scale": [1.75, 2, 2]
		},
		"head": {
			"translation": [0, 11.5, -6.5]
		},
		"fixed": {
			"rotation": [0, 90, 0],
			"translation": [0, 3.5, 0]
		}
	}
}